{"_wandb":{"runtime":121},"loss":0.0001798935409169644,"_timestamp":1.734019641124008e+09,"_runtime":121.267965,"_step":3778}