{"_wandb":{"runtime":0},"_timestamp":1.734018793225013e+09,"_runtime":0.663251,"_step":7,"acc":0.9244616467988827,"loss":0.17616837760673648}