{"train_loss":4.6923749323468655e-05,"_wandb":{"runtime":3909},"test_loss":4.387014269013889e-05,"_timestamp":1.734023652345271e+09,"_runtime":3877.493718,"_step":19}